{
  "timestamp": "2025-10-26 16:27:35",
  "results": {
    "CPU": [
      {
        "Size": 1000,
        "Time_s": 0.019505023956298828,
        "Throughput_vectors_s": 51268.84243979953,
        "Latency_us": 19.505023956298828
      },
      {
        "Size": 10000,
        "Time_s": 0.1909607251485189,
        "Throughput_vectors_s": 52366.7889940329,
        "Latency_us": 19.09607251485189
      },
      {
        "Size": 100000,
        "Time_s": 1.7848681608835857,
        "Throughput_vectors_s": 56026.547053478585,
        "Latency_us": 17.848681608835857
      },
      {
        "Size": 1000000,
        "Time_s": 116.61994536717732,
        "Throughput_vectors_s": 8574.862531889421,
        "Latency_us": 116.61994536717732
      }
    ]
  }
}